image_name,pred_area,pred_perimeter,pred_aspect_ratio,pred_centroid_x,pred_centroid_y,pred_bbox_x,pred_bbox_y,pred_bbox_w,pred_bbox_h
2-250x_1,1009,194.7523069381714,2.0344827586206895,150.11595639246778,12.198216055500495,124,0,59,29
2-250x_1,2750,662.5239465236664,0.2746478873239437,16.128363636363638,72.39054545454546,0,3,39,142
2-250x_1,1363,312.8771971464157,2.967741935483871,180.66250917094644,47.741012472487164,132,32,92,31
2-250x_1,1243,181.86500442028046,1.0,98.9090909090909,57.991150442477874,79,35,44,44
2-250x_1,1266,457.8721446990967,0.8615384615384616,195.34913112164298,124.66429699842023,166,93,56,65
2-250x_1,1487,311.50461399555206,1.5714285714285714,111.05917955615332,138.9831876260928,75,118,77,49
2-250x_1,2019,573.553384065628,0.7252747252747253,58.701337295690934,179.68202080237742,29,133,66,91
2-250x_1,1008,379.5046135187149,0.875,18.27281746031746,204.8998015873016,0,160,56,64
2-250x_1,2260,361.54624378681183,1.9130434782608696,148.80265486725665,201.33495575221238,99,178,88,46
3-500x,7045,811.335128903389,1.2755102040816326,163.31682044002838,39.68729595457771,99,0,125,98
3-500x,582,249.32084822654724,1.162162162162162,31.810996563573884,36.72508591065292,13,22,43,37
3-500x,624,150.61017167568207,0.7714285714285715,76.72435897435898,37.34615384615385,63,22,27,35
3-500x,3602,518.2569206953049,1.0795454545454546,68.2659633536924,115.9741810105497,20,68,95,88
3-500x,1355,327.3036034107208,0.5116279069767442,206.18966789667897,151.9660516605166,180,113,44,86
3-500x,1035,200.10764503479004,0.9555555555555556,137.36908212560385,151.66183574879227,119,129,43,45
3-500x,598,203.23758828639984,0.7045454545454546,12.180602006688963,155.87959866220737,0,135,31,44
3-500x,939,169.4385987520218,1.0,24.686900958466452,191.2768903088392,2,168,41,41
3-500x,821,184.5096664428711,0.9512195121951219,135.40438489646772,202.4884287454324,117,183,39,41
6-250x,1670,426.4163006544113,1.3666666666666667,126.3245508982036,26.635329341317366,87,0,82,60
6-250x,738,150.81118202209473,0.43478260869565216,214.9349593495935,21.79268292682927,204,0,20,46
6-250x,770,175.09545278549194,0.8205128205128205,58.54675324675325,39.94025974025974,42,20,32,39
6-250x,643,133.09545266628265,1.52,183.1353032659409,47.56298600311042,165,36,38,25
6-250x,1590,362.2325358390808,0.5925925925925926,25.61635220125786,76.20691823899371,0,41,48,81
6-250x,553,169.82337474822998,0.875,67.94394213381555,108.63652802893309,52,88,35,40
6-250x,1026,151.33809328079224,0.813953488372093,186.5867446393762,117.24463937621833,168,97,35,43
6-250x,845,156.02438521385193,0.6444444444444445,13.284023668639053,139.2603550295858,0,116,29,45
6-250x,572,110.56854140758514,0.6486486486486487,91.6013986013986,137.1625874125874,80,121,24,37
6-250x,840,167.68123936653137,1.6666666666666667,148.55357142857142,147.24166666666667,125,135,45,27
6-250x,1039,310.53405129909515,1.2173913043478262,26.201154956689123,181.09143407122232,0,162,56,46
6-250x,1322,329.70562422275543,1.75,149.99546142208774,206.3767019667171,116,184,70,40
A_01_04,2783,253.76449978351593,1.0333333333333334,77.60186848724398,28.248293208767517,50,0,62,60
A_01_04,3518,390.1909053325653,1.4179104477611941,175.53155201819214,23.85929505400796,129,0,95,67
A_01_04,1434,168.3675308227539,0.7735849056603774,22.447698744769873,35.15899581589958,2,10,41,53
A_01_04,7056,675.8965303897858,1.1811023622047243,162.64753401360545,99.1281179138322,74,42,150,127
A_01_04,553,110.76955199241638,0.6216216216216216,9.11754068716094,84.5244122965642,0,65,23,37
A_01_04,1645,279.7644993066788,0.34065934065934067,14.51854103343465,150.17203647416414,0,113,31,91
A_01_04,4717,387.06096255779266,0.6486486486486487,77.50434598261607,168.9862200551198,43,113,72,111
A_01_04,1564,176.85281240940094,0.5384615384615384,128.21355498721226,145.49424552429667,111,117,35,65
A_01_04,2191,225.96550977230072,0.85,169.62437243267914,193.92697398448198,144,164,51,60
A_02_01,1553,241.2964631319046,0.2604166666666667,8.123631680618159,44.70379909851899,0,0,25,96
A_02_01,1259,158.26702558994293,0.6730769230769231,44.63780778395552,24.9340746624305,28,1,35,52
A_02_01,4036,338.0487699508667,0.7472527472527473,92.68929633300297,46.159811694747276,62,0,68,91
A_02_01,914,220.5096664428711,0.2564102564102564,215.53063457330416,44.32166301969365,204,11,20,78
A_02_01,5386,362.8771973848343,0.6341463414634146,171.85629409580395,73.32287411808392,135,14,78,123
A_02_01,9515,823.2934975624084,1.078125,99.3478717813978,171.1827640567525,33,96,138,128
A_02_01,1819,292.89444231987,0.3157894736842105,212.4749862561847,178.85101704233094,194,129,30,95
A_02_01,830,124.71067643165588,0.7073170731707317,173.77349397590362,157.46626506024097,161,137,29,41
A_02_03,15921,1390.6387320756912,0.6205357142857143,46.84065071289492,104.1695873374788,0,0,139,224
A_02_03,9602,876.347320318222,0.9245283018867925,145.85482191210164,76.92626536138305,77,0,147,159
A_02_03,10583,905.033612370491,0.9586206896551724,166.7749220447888,168.36180667107627,85,79,139,145
A_03_02,2933,376.4335459470749,2.5531914893617023,69.19809069212411,19.711558131605866,1,0,120,47
A_03_02,1078,137.15432786941528,1.3548387096774193,148.01298701298703,13.622448979591837,129,0,42,31
A_03_02,1512,186.40916061401367,0.59375,189.83068783068782,45.52513227513227,174,15,38,64
A_03_02,4482,290.97770285606384,0.8705882352941177,47.67960731816154,85.7463186077644,13,42,74,85
A_03_02,4331,451.1442223787308,0.5151515151515151,106.73793581159086,120.8092819210344,74,58,68,132
A_03_02,4484,640.4406861066818,0.8073394495412844,177.8971900089206,128.00044603033007,136,81,88,109
A_03_02,4820,380.9604569673538,0.896551724137931,41.812448132780084,180.4628630705394,4,136,78,87
A_03_02,679,141.5391036272049,0.717948717948718,208.5036818851252,168.29307805596466,194,148,28,39
A_03_02,500,92.28427064418793,1.08,210.344,213.228,197,199,27,25
B_01_04,11782,1170.714851617813,0.7029702970297029,142.99592598879647,92.97929044304873,67,0,142,202
B_01_04,8973,887.0508575439453,0.46808510638297873,44.64560347709796,107.59110665329321,0,2,88,188
B_01_04,550,91.8406195640564,0.7741935483870968,102.95636363636363,90.47272727272727,91,76,24,31
B_01_04,1035,135.53910338878632,0.8536585365853658,207.6975845410628,155.63381642512078,189,136,35,41
B_01_04,2688,248.1076453924179,0.8571428571428571,153.88095238095238,194.88467261904762,124,154,60,70
B_01_04,939,146.02438521385193,0.8947368421052632,206.03940362087326,201.15441959531415,188,183,34,38
B_03_03,3036,316.8355669975281,1.054054054054054,101.98451910408433,33.98616600790514,61,0,78,74
B_03_03,627,113.8406194448471,1.2592592592592593,192.19617224880383,10.75598086124402,177,0,34,27
B_03_03,2265,253.4213535785675,0.890625,57.324944812362034,64.32450331125828,31,27,57,64
B_03_03,5099,492.61731135845184,0.5766423357664233,191.85016669935283,79.24004706805256,145,28,79,137
B_03_03,531,109.11269783973694,0.3333333333333333,6.032015065913371,69.68549905838042,0,47,15,45
B_03_03,1248,145.1959581375122,0.9333333333333333,118.98878205128206,96.96955128205128,99,76,42,45
B_03_03,4865,436.6173105239868,0.8141592920353983,85.69866392600206,153.69414182939363,40,96,92,113
B_03_03,3566,344.67618691921234,0.7872340425531915,160.66461020751544,148.63712843522154,125,105,74,94
B_03_03,3248,349.22034335136414,0.8850574712643678,34.19673645320197,193.72844827586206,0,137,77,87
B_03_03,1049,186.89444243907928,0.8636363636363636,203.83603431839848,203.02097235462344,186,178,38,44
C_04_01,2647,293.0365778207779,0.76,21.814884775217227,29.902531167359275,0,0,57,75
C_04_01,3463,300.0487699508667,0.868421052631579,95.7834247762056,36.228414669361825,62,0,66,76
C_04_01,535,113.01219260692596,0.9032258064516129,154.7196261682243,12.037383177570094,144,0,28,31
C_04_01,4889,666.9259670972824,0.9469026548672567,181.56514624667622,91.89425240335447,117,42,107,113
C_04_01,1148,204.89444196224213,0.7413793103448276,38.190766550522646,103.63850174216027,14,81,43,58
C_04_01,7108,738.6244515180588,0.75177304964539,60.47875633089477,158.60987619583568,0,83,106,141
C_04_01,2895,373.01933240890503,0.5578947368421052,135.7077720207254,171.81036269430052,113,129,53,95
C_04_01,1052,176.75230658054352,0.8913043478260869,194.75,172.1615969581749,177,150,41,46
C_04_01,747,152.26702535152435,0.7948717948717948,171.809906291834,200.99866131191433,156,181,31,39
C_04_02,16996,1504.3199702501297,1.5664335664335665,109.47234643445516,53.53989173923276,0,0,224,143
C_04_02,2827,250.75230646133423,0.5222222222222223,18.021577644145736,126.32684824902724,0,77,47,90
C_04_02,11773,1067.116872549057,1.3790322580645162,147.85882952518475,177.62906650811178,53,100,171,124
C_04_02,866,145.19595789909363,1.75,30.338337182448036,211.66859122401848,6,196,49,28
D_02_04,1472,172.2253954410553,1.0975609756097562,19.79211956521739,17.644701086956523,0,0,45,41
D_02_04,915,210.2670258283615,2.2962962962962963,117.36065573770492,8.88087431693989,87,0,62,27
D_02_04,1283,153.15432798862457,0.6808510638297872,207.58924395947,23.149649259547935,192,0,32,47
D_02_04,2309,342.1909054517746,0.9452054794520548,65.30879168471199,54.67691641403205,32,17,69,73
D_02_04,7121,697.0092277526855,1.1619718309859155,96.39137761550344,124.79483218649067,26,47,165,142
D_02_04,1041,175.63960909843445,0.4090909090909091,212.97694524495677,115.91258405379443,197,87,27,66
D_02_04,4195,294.29141068458557,0.8351648351648352,158.6450536352801,159.6798569725864,118,112,76,91
D_02_04,508,106.08326029777527,0.6111111111111112,8.1751968503937,133.65551181102362,0,117,22,36
D_02_04,547,120.42640590667725,0.5,8.806215722120658,191.6819012797075,0,173,22,44
D_02_04,737,119.98275470733643,1.0625,205.26594301221166,209.91994572591588,189,192,34,32
D_03_03,601,119.01219236850739,1.0714285714285714,12.004991680532447,10.908485856905157,0,0,30,28
D_03_03,4279,372.0904002189636,0.8369565217391305,192.96330918438886,34.1093713484459,147,0,77,92
D_03_03,1485,184.99494767189026,1.2045454545454546,118.3084175084175,26.65050505050505,95,4,53,44
D_03_03,8454,887.7371491193771,0.4631578947368421,33.037260468417315,120.83995741660752,0,21,88,190
D_03_03,4090,321.4213539361954,0.7319587628865979,94.39779951100245,121.61271393643032,62,73,71,97
D_03_03,644,107.154327750206,0.8787878787878788,136.17857142857142,103.2080745341615,122,88,29,33
D_03_03,3912,428.96045768260956,0.6568627450980392,181.55956032719837,143.52684049079755,150,104,67,102
D_03_03,1380,284.6345565319061,0.8813559322033898,162.61521739130436,193.88260869565218,138,164,52,59
D_03_03,1195,145.53910374641418,1.024390243902439,105.1531380753138,204.9991631799163,85,183,42,41
E_01_01,1125,154.12489020824432,1.0,202.544,19.133333333333333,181,0,41,41
E_01_01,1568,164.02438509464264,0.7818181818181819,80.51466836734694,28.2015306122449,60,2,43,55
E_01_01,5857,508.3574253320694,0.970873786407767,146.57794092538842,76.42427864094246,97,19,100,103
E_01_01,5073,521.7716392278671,0.5597014925373134,54.232801103883304,119.05913660555883,19,55,75,134
E_01_01,3157,276.45079123973846,0.5444444444444444,201.24707000316755,152.59771935381693,175,109,49,90
E_01_01,1669,203.6223635673523,0.7868852459016393,123.22228879568604,166.41222288795686,101,136,48,61
E_01_01,934,145.78174436092377,0.5686274509803921,83.36616702355461,186.0203426124197,69,161,29,51
E_01_01,547,172.5096664428711,1.131578947368421,171.02559414990858,208.6892138939671,148,186,43,38
E_02_01,9504,740.3818110227585,0.6729559748427673,52.885311447811446,74.67077020202021,0,0,107,159
E_02_01,1024,158.81118166446686,1.6451612903225807,111.328125,11.8125,91,0,51,31
E_02_01,2859,398.1909054517746,0.6344086021505376,201.6061559986009,36.90905911157748,165,0,59,93
E_02_01,15360,1127.4427735805511,0.6515151515151515,156.90611979166667,138.5912109375,95,26,129,198
E_02_01,2970,401.22034299373627,2.0,42.34579124579125,200.52289562289562,0,174,100,50
E_03_02,711,153.39696860313416,1.8518518518518519,46.19409282700422,9.534458509142054,25,0,50,27
E_03_02,930,157.88224983215332,0.44642857142857145,213.51612903225808,23.18494623655914,199,0,25,56
E_03_02,3648,408.8183219432831,0.6952380952380952,160.687225877193,55.790570175438596,123,3,73,105
E_03_02,2496,211.88224947452545,0.5915492957746479,19.165064102564102,73.04767628205128,0,39,42,71
E_03_02,2595,218.9949471950531,0.7761194029850746,72.23314065510597,80.98843930635839,47,47,52,67
E_03_02,2535,221.48022854328156,0.6575342465753424,124.52741617357002,122.77909270216962,101,85,48,73
E_03_02,556,113.39696860313416,0.6052631578947368,210.26438848920864,109.81654676258992,199,92,23,38
E_03_02,1417,168.71067678928375,1.0666666666666667,182.2681721947777,140.21453775582216,159,120,48,45
E_03_02,3715,478.4163010120392,1.3012048192771084,128.72651413189772,194.214266487214,78,141,108,83
E_03_02,1340,169.78174471855164,0.631578947368421,61.03582089552239,188.48880597014926,45,161,36,57
E_03_02,1203,183.8822499513626,0.9130434782608695,16.90108063175395,204.0756442227764,0,178,42,46
F_02_02,2018,252.16652047634125,1.3636363636363635,83.02279484638255,19.014866204162537,45,0,75,55
F_02_02,4589,678.8254619836807,0.8785046728971962,171.1710612333842,48.772499455219005,127,0,94,107
F_02_02,3952,738.9919829368591,0.9574468085106383,44.21457489878542,106.2548076923077,2,67,90,94
F_02_02,1101,188.16652047634125,0.42424242424242425,208.64668483197093,103.40326975476839,194,73,28,66
F_02_02,2778,240.93607211112976,0.7125,118.22966162706983,130.89200863930884,94,88,57,80
F_02_02,1820,191.92387974262238,0.8166666666666667,176.07802197802198,156.74395604395605,154,128,49,60
F_02_02,1153,158.26702558994293,0.7692307692307693,65.10494362532523,164.3148308759757,47,142,40,52
F_02_02,1257,161.154327750206,0.5081967213114754,210.6873508353222,191.13922036595068,193,159,31,61
F_02_02,1774,387.7888845205307,2.2,56.40360766629087,204.99605411499437,20,184,88,40
F_04_01,1313,172.85281205177307,1.0952380952380953,150.72962680883472,18.978674790555978,127,0,46,42
F_04_01,1144,143.78174495697021,1.024390243902439,83.95192307692308,32.42307692307692,63,12,42,41
F_04_01,1420,166.85281217098236,0.6428571428571429,32.26971830985916,44.65915492957746,13,15,36,56
F_04_01,5222,503.14422261714935,1.3529411764705883,137.48563768671008,87.59019532746075,88,46,115,85
F_04_01,619,155.74011433124542,0.22580645161290322,217.7172859450727,96.88691437802908,210,64,14,62
F_04_01,764,129.74011433124542,1.8,23.740837696335078,88.6086387434555,2,77,45,25
F_04_01,1490,229.2792181968689,0.7666666666666667,78.93422818791946,146.9744966442953,55,113,46,60
F_04_01,2232,344.91882717609406,0.44660194174757284,18.104390681003583,168.09722222222223,0,116,46,103
F_04_01,2138,226.0660150051117,1.0535714285714286,158.6753975678204,163.6108512628625,128,138,59,56
F_04_01,1834,205.6812390089035,1.196078431372549,103.50163576881134,203.66412213740458,67,173,61,51
F_04_01,547,97.25483286380768,1.0357142857142858,199.52650822669105,211.90676416819014,186,196,29,28
G_02_03,1525,214.65180158615112,1.1914893617021276,101.6655737704918,21.200655737704917,71,0,56,47
G_02_03,2994,389.50461411476135,1.0759493670886076,165.6432865731463,35.6062124248497,129,0,85,79
G_02_03,3871,365.8061292171478,0.9425287356321839,34.52647894600878,74.42392146732111,0,34,82,87
G_02_03,1049,229.62236416339874,0.5818181818181818,203.55100095328885,84.91515729265967,189,58,32,55
G_02_03,10539,853.8792850971222,1.1214285714285714,143.9691621595977,148.44937849890883,67,71,157,140
G_02_03,3967,430.0904002189636,1.1538461538461537,44.04991177211999,184.84295437358205,0,133,105,91
G_02_03,935,159.88224971294403,2.1153846153846154,177.0909090909091,211.88663101604277,151,198,55,26
G_03_03,1064,188.6518018245697,1.146341463414634,94.38345864661655,18.007518796992482,71,0,47,41
G_03_03,3462,573.0437179803848,0.6377952755905512,177.10831889081456,46.31744656268053,137,0,81,127
G_03_03,1990,270.35028553009033,0.5061728395061729,19.685427135678392,46.60251256281407,1,14,41,81
G_03_03,6458,447.3452332019806,0.5488721804511278,112.9060080520285,102.51083926912357,79,41,73,133
G_03_03,1345,167.33809328079224,0.7678571428571429,55.46245353159851,77.1546468401487,33,49,43,56
G_03_03,509,139.2964632511139,0.6363636363636364,212.9941060903733,109.50294695481335,196,83,28,44
G_03_03,2026,269.2792181968689,0.5121951219512195,52.264560710760115,161.43534057255675,33,124,42,82
G_03_03,750,126.22539567947388,0.9393939393939394,11.944,152.31866666666667,0,136,31,33
G_03_03,4042,292.83556711673737,1.025974025974026,179.90821375556655,186.86120732310738,140,146,79,77
G_03_03,696,129.05382251739502,0.725,11.593390804597702,199.44971264367817,0,181,29,40
G_03_03,1584,170.16652119159698,1.605263157894737,97.49810606060606,205.77588383838383,67,186,61,38
G_04_03,637,120.46803617477417,1.3,89.06122448979592,12.547880690737834,72,0,39,30
G_04_03,1098,212.1076453924179,0.8,153.77777777777777,28.74408014571949,135,5,40,50
G_04_03,3035,346.1076452732086,0.3739130434782609,15.40164744645799,59.45996705107084,0,6,43,115
G_04_03,5944,517.2863576412201,1.3936170212765957,127.64703903095558,83.07940780619111,72,31,131,94
G_04_03,745,112.56854128837585,0.6341463414634146,45.308724832214764,94.67248322147651,33,77,26,41
G_04_03,2190,337.6639941930771,0.23015873015873015,212.5324200913242,160.6269406392694,195,97,29,126
G_04_03,2270,209.13708233833313,0.6712328767123288,73.97488986784141,158.57444933920704,50,122,49,73
G_04_03,2124,195.5807340145111,0.7301587301587301,135.75800376647834,156.55320150659134,114,127,46,63
G_04_03,509,116.08326005935669,0.3191489361702128,6.043222003929273,154.49705304518665,0,130,15,47
G_04_03,1339,240.10764503479004,0.6507936507936508,32.360716952949964,187.3293502613891,11,153,41,63
G_04_03,580,128.08326029777527,0.675,183.5396551724138,206.4758620689655,169,184,27,40
G_04_03,1098,156.4680359363556,1.7741935483870968,136.10928961748633,211.28779599271402,106,193,55,31
H_03_02,1011,155.29646337032318,0.6888888888888889,76.18595450049456,21.568743818001977,62,0,31,45
H_03_02,946,160.71067667007446,1.9,128.3657505285412,11.748414376321353,98,0,57,30
H_03_02,1727,179.53910398483276,1.255813953488372,191.1812391430226,17.62536189924725,166,0,54,43
H_03_02,5354,525.3279883861542,0.4489795918367347,42.79099738513261,102.76709002614868,9,28,66,147
H_03_02,8659,568.1147855520248,1.2972972972972974,153.10832659660468,86.44647187896986,80,33,144,111
H_03_02,2553,232.45079123973846,0.76,135.04426165295732,169.4069721895809,104,136,57,75
H_03_02,591,98.9116872549057,0.6857142857142857,81.45008460236886,175.76311336717427,69,158,24,35
H_03_02,2382,226.2081505060196,0.9491525423728814,196.51847187237615,191.72837951301426,168,162,56,59
H_03_02,1093,165.39696860313416,1.069767441860465,21.38060384263495,200.63677950594695,0,176,46,43
I_02_02,3328,278.69343197345734,0.6222222222222222,49.80558894230769,41.99849759615385,22,1,56,90
I_02_02,1613,251.62236392498016,0.9444444444444444,135.88096714197147,22.73031618102914,116,0,51,54
I_02_02,1708,295.6639943122864,0.8688524590163934,194.93384074941451,58.972482435597186,169,31,53,61
I_02_02,769,184.7523068189621,0.6538461538461539,103.37581274382315,67.41352405721716,87,40,34,52
I_02_02,794,112.08326017856598,0.7631578947368421,148.4345088161209,75.75062972292191,135,58,29,38
I_02_02,988,158.32590091228485,0.42105263157894735,9.050607287449393,102.34412955465586,0,76,24,57
I_02_02,1577,220.99494743347168,0.4430379746835443,124.0558021559924,135.56753329105896,108,96,35,79
I_02_02,1974,245.9655101299286,0.581081081081081,204.82674772036475,135.6757852077001,180,101,43,74
I_02_02,6616,773.3107438087463,1.584070796460177,126.23518742442563,189.81937726723095,18,111,179,113
I_02_02,2641,318.53405117988586,0.9714285714285714,78.97538811056418,148.72018174933737,44,117,68,70
I_02_02,1063,230.45079100131989,0.8571428571428571,37.21166509877705,168.16086547507055,15,137,48,56
I_02_02,689,151.29646337032318,0.7142857142857143,208.80696661828736,206.9419448476052,193,182,30,42
J_03_04,30034,2157.689587712288,1.0,119.23696477325697,110.7392954651395,0,0,224,224
J_03_04,1304,149.53910398483276,0.8695652173913043,114.16027607361963,131.56134969325154,95,110,40,46
J_03_04,524,92.18376541137695,0.9629629629629629,140.46564885496184,210.2385496183206,129,196,26,27
J_04_03,23558,1411.6265391111374,1.041025641025641,89.60552678495628,79.34294082689532,0,0,203,195
J_04_03,1463,259.37972354888916,0.5068493150684932,207.69788106630213,160.42241968557758,185,120,37,73
J_04_03,3679,471.54624354839325,1.1458333333333333,127.93095949986409,193.32780646914924,89,128,110,96
J_04_03,1855,239.52185916900635,0.6867469879518072,68.24743935309974,177.8743935309973,42,135,57,83
K_02_01,5528,432.7178170681,1.3783783783783783,49.12246743849494,33.68759044862518,0,0,102,74
K_02_01,1251,252.89444243907928,2.6129032258064515,157.08233413269386,12.679456434852119,119,0,81,31
K_02_01,1311,159.53910386562347,0.7115384615384616,158.94126620900076,65.01144164759725,140,36,37,52
K_02_01,1169,231.37972366809845,0.5245901639344263,204.49358426005134,67.49957228400342,188,38,32,61
K_02_01,4507,388.8183218240738,0.626984126984127,117.1127135566896,137.813623252718,82,76,79,126
K_02_01,540,96.56854128837585,0.7352941176470589,59.342592592592595,116.4074074074074,49,100,25,34
K_02_01,3922,427.30360317230225,0.6206896551724138,181.78046914839368,167.6667516573177,141,105,72,116
K_02_01,3367,381.4041085243225,1.036144578313253,46.08880308880309,162.16335016335017,4,124,86,83
K_02_01,1488,241.5391036272049,0.8813559322033898,19.5127688172043,202.127688172043,0,164,52,59
K_03_02,2050,231.68123924732208,1.6521739130434783,43.863414634146345,17.453658536585365,15,0,76,46
K_03_02,674,143.9827550649643,2.8947368421052633,161.41394658753708,6.596439169139466,136,0,55,19
K_03_02,3828,294.00713992118835,0.71875,100.96603970741901,55.21368861024033,62,2,69,96
K_03_02,1153,211.19595801830292,0.7192982456140351,207.86990459670426,33.65568083261058,183,6,41,57
K_03_02,997,176.50966620445251,0.5172413793103449,144.99097291875626,71.40521564694082,130,40,30,58
K_03_02,2520,230.30865585803986,0.8939393939393939,189.61904761904762,82.52261904761905,165,48,59,66
K_03_02,1484,245.86500453948975,1.1346153846153846,34.60309973045822,78.79582210242587,6,52,59,52
K_03_02,884,142.12489020824432,0.7045454545454546,24.346153846153847,130.61425339366517,11,111,31,44
K_03_02,5529,376.09040009975433,0.9514563106796117,88.46988605534455,156.29372400072347,39,112,98,103
K_03_02,1344,168.95331752300262,0.53125,156.71205357142858,151.66294642857142,140,119,34,64
K_03_02,2259,315.4213535785675,0.8870967741935484,197.87649402390437,194.56131031429837,169,162,55,62
K_03_02,1399,161.43859839439392,1.0222222222222221,24.19299499642602,204.0578984989278,1,178,46,45
K_03_02,1255,155.2964632511139,1.1,139.19601593625498,203.76733067729083,117,184,44,40
L_01_03,7116,516.0731555223465,1.3707865168539326,64.02360876897133,39.248875772906125,1,0,122,89
L_01_03,1482,180.16652059555054,0.4925373134328358,135.4885290148448,56.997975708502025,120,25,33,67
L_01_03,4619,346.6345566511154,0.7954545454545454,186.98116475427582,78.51677852348993,154,36,70,88
L_01_03,16761,1695.1139076948166,1.7230769230769232,109.68492333392996,160.7541912773701,0,94,224,130
L_03_04,16658,1587.0062623023987,0.6741071428571429,63.213831192219956,116.79505342778245,0,0,151,224
L_03_04,4091,382.8771971464157,0.69,144.6995844536788,37.01588853581031,112,0,69,100
L_03_04,1925,194.89444231987,0.6818181818181818,198.62181818181818,75.17922077922078,177,41,45,66
L_03_04,3681,265.03657746315,0.8625,174.3317033414833,145.17603911980441,141,105,69,80
L_03_04,1878,220.71067655086517,1.5106382978723405,197.91427050053247,206.0835995740149,153,177,71,47
L_03_04,1341,236.55129635334015,1.5454545454545454,45.71961222967934,206.4220730797912,3,180,68,44
L_04_01,5137,542.5584361553192,0.6428571428571429,37.979949386801636,57.80981117383687,0,0,72,112
L_04_01,25243,1613.3910378217697,0.7285067873303167,144.3456799904924,112.05177673018262,63,0,161,221
L_04_01,2584,221.48022890090942,0.575,37.34636222910217,149.64628482972137,13,111,46,80
L_04_01,1171,254.85281217098236,0.4111111111111111,10.378309137489325,194.80273270708796,0,134,37,90
L_04_03,10331,1128.531087398529,0.7305389221556886,47.039976768947824,70.44816571483884,0,0,122,167
L_04_03,19419,1278.7392358779907,0.6294642857142857,162.5216025541995,121.30604047582264,83,0,141,224
L_04_03,3028,326.63455629348755,1.423728813559322,67.25099075297226,199.48414795244386,29,165,84,59
M_01_04,3644,411.84775960445404,1.507936507936508,45.445115257958285,26.817508232711305,0,0,95,63
M_01_04,750,116.08326017856598,0.9375,210.232,13.802666666666667,194,0,30,32
M_01_04,1992,194.40916097164154,0.7704918032786885,116.85240963855422,50.515060240963855,95,22,47,61
M_01_04,6608,485.78888392448425,0.9896907216494846,175.60063559322035,98.45354116222761,128,46,96,97
M_01_04,10546,815.1929926872253,0.8926174496644296,63.49668120614451,148.0945382135407,0,71,133,149
M_01_04,2732,290.5929266214371,0.958904109589041,154.78184480234262,189.06112737920938,113,151,70,73
M_01_04,1969,278.4091612100601,0.5,206.6312849162011,188.96444895886236,187,150,37,74
M_01_04,806,162.22539579868317,1.2580645161290323,14.558312655086848,210.0955334987593,0,193,39,31
M_03_02,561,104.87005698680878,0.8709677419354839,9.372549019607844,12.976827094474153,0,0,27,31
M_03_02,8709,1043.8275490999222,1.588785046728972,89.96176369273165,49.50028705936388,15,0,170,107
M_03_02,522,102.42640626430511,1.32,180.68199233716476,9.549808429118775,162,0,33,25
M_03_02,646,148.85281229019165,0.627906976744186,211.45201238390092,27.123839009287927,197,4,27,43
M_03_02,3880,497.5289988517761,0.768,157.0987113402062,146.73324742268042,115,80,96,125
M_03_02,4041,295.8061293363571,0.7222222222222222,54.87379361544172,132.49220489977728,26,83,65,90
M_03_02,676,110.22539567947388,0.8285714285714286,106.84467455621302,156.3476331360947,93,138,29,35
M_03_02,934,141.98275482654572,0.7391304347826086,13.247323340471093,186.3169164882227,0,161,34,46
M_03_02,817,120.81118178367615,0.8205128205128205,82.46266829865361,196.62178702570378,66,177,32,39
M_03_02,2324,247.86500465869904,1.4680851063829787,135.3709122203098,202.36144578313252,106,177,69,47
M_04_01,28661,2445.3952137231827,1.0044843049327354,117.78301524720003,120.06705976762848,0,1,224,223
M_04_01,2132,267.48022878170013,2.611111111111111,102.50187617260788,14.99390243902439,60,0,94,36
M_04_01,889,145.1959581375122,0.7777777777777778,27.907761529808774,181.7334083239595,12,162,35,45
M_04_02,11133,1232.798110485077,0.48878923766816146,47.81981496451989,96.41129973951315,0,0,109,223
M_04_02,1235,157.39696860313416,1.5757575757575757,137.37004048582995,13.48421052631579,112,0,52,33
M_04_02,6153,581.1269779205322,0.6330935251798561,183.11912888022104,85.51259548187876,133,16,88,139
M_04_02,2496,256.00713980197906,0.5862068965517241,90.50040064102564,139.39222756410257,67,101,51,87
M_04_02,5812,314.4507910013199,1.2125,143.0328630419821,189.2618719889883,96,144,97,80
N_01_01,6988,502.70057249069214,0.9122807017543859,56.652690326273614,51.723669147109334,1,1,104,114
N_01_01,9820,1099.3006384372711,0.38288288288288286,184.98625254582484,104.04409368635437,139,0,85,222
N_01_01,1482,223.37972342967987,0.9795918367346939,141.31578947368422,40.40485829959514,115,17,48,49
N_01_01,4726,698.0386650562286,0.84375,89.21709691070673,133.3021582733813,22,65,108,128
N_01_01,1622,201.1370828151703,0.7213114754098361,136.26942046855734,189.72194821208384,116,157,44,61
N_01_01,1101,216.30865561962128,0.9347826086956522,26.96185286103542,190.8882833787466,6,169,43,46
N_01_03,504,97.4558435678482,2.6666666666666665,39.458333333333336,6.375,20,0,40,15
N_01_03,1231,150.95331740379333,0.8478260869565217,104.08285946385053,21.281072298943947,84,0,39,46
N_01_03,1080,271.9655101299286,1.4090909090909092,194.93796296296296,15.998148148148148,160,0,62,44
N_01_03,2072,203.72286927700043,0.9649122807017544,61.8238416988417,49.88803088803089,35,22,55,57
N_01_03,1361,175.6812391281128,0.417910447761194,13.481263776634828,61.589272593681116,0,26,28,67
N_01_03,531,98.32590067386627,0.7428571428571429,155.1581920903955,84.23540489642184,142,67,26,35
N_01_03,630,105.74011421203613,0.7142857142857143,46.39365079365079,86.44603174603175,34,69,25,35
N_01_03,3267,244.79393696784973,0.6705882352941176,107.4949494949495,120.59044995408632,80,81,57,85
N_01_03,1361,218.26702558994293,0.5138888888888888,206.69875091844233,120.09551800146951,187,83,37,72
N_01_03,1971,252.26702570915222,0.4936708860759494,15.613394216133942,143.76204972095383,0,110,39,79
N_01_03,1832,181.09545242786407,0.582089552238806,157.7494541484716,163.69650655021834,138,129,39,67
N_01_03,2779,257.86500453948975,0.6172839506172839,60.22490104354084,184.68873695573947,33,143,50,81
N_03_01,1271,163.78174471855164,0.7058823529411765,207.65774980330448,22.03068450039339,188,0,36,51
N_03_01,2304,364.776692032814,0.5494505494505495,152.78342013888889,57.00694444444444,128,7,50,91
N_03_01,1586,187.92388010025024,0.7272727272727273,37.81021437578815,44.346784363177804,19,20,40,55
N_03_01,932,244.00714015960693,0.9347826086956522,74.56545064377683,70.07618025751073,52,49,43,46
N_03_01,1923,243.72286939620972,0.6666666666666666,199.77223088923557,90.62402496099844,178,57,44,66
N_03_01,2183,349.36247873306274,1.2156862745098038,30.33165368758589,123.70957398076042,0,100,62,51
N_03_01,1062,142.71067678928375,0.9111111111111111,85.67702448210923,150.6930320150659,66,129,41,45
N_03_01,1366,167.68123924732208,0.9387755102040817,198.30746705710104,156.8718887262079,176,134,46,49
N_03_01,1708,178.40916073322296,0.75,55.06264637002342,184.86475409836066,33,155,45,60
N_03_01,2028,224.45079147815704,1.0357142857142858,124.8076923076923,197.46696252465483,97,167,58,56
N_03_01,549,122.81118202209473,0.8484848484848485,16.59744990892532,204.59380692167576,2,187,28,33
N_03_01,640,113.15432786941528,0.8235294117647058,207.13125,205.9296875,193,189,28,34
N_03_02,5229,599.085347533226,1.917808219178082,156.82424937846625,28.688085676037485,81,0,140,73
N_03_02,6320,604.156415939331,0.4875,40.03575949367089,96.00743670886077,4,2,78,160
N_03_02,642,113.982754945755,0.9696969696969697,72.1214953271028,35.3582554517134,55,20,32,33
N_03_02,609,132.9116871356964,0.2727272727272727,217.21018062397374,88.72577996715928,209,63,15,55
N_03_02,3064,443.83051443099976,1.7735849056603774,118.77251958224544,94.81364229765013,80,68,94,53
N_03_02,3985,414.09039998054504,0.5405405405405406,194.95056461731494,172.38946047678795,164,113,60,111
N_03_02,3766,418.17365992069244,1.1333333333333333,124.89537971322358,188.89298990971852,82,148,85,75
N_03_02,1758,209.82337474822998,1.575,35.94539249146758,204.5693970420933,6,184,63,40
O_01_03,946,202.99494743347168,1.5666666666666667,67.446088794926,13.039112050739957,45,0,47,30
O_01_03,729,130.95331728458405,1.0625,185.57201646090536,16.020576131687243,169,0,34,32
O_01_03,3461,373.5046138763428,0.6451612903225806,154.7893672349032,82.1912741982086,123,36,60,93
O_01_03,1372,196.6101713180542,0.36486486486486486,210.23906705539358,87.72886297376094,197,56,27,74
O_01_03,1494,172.85281193256378,1.0208333333333333,75.12449799196787,86.7429718875502,49,63,49,48
O_01_03,1452,180.26702570915222,1.0204081632653061,19.420798898071624,136.7465564738292,0,116,50,49
O_01_03,2083,222.16652047634125,0.4878048780487805,203.16610657705232,176.81469035045606,183,136,40,82
O_01_03,5940,493.1025928258896,1.3764705882352941,65.28720538720539,186.63670033670033,3,139,117,85
O_01_03,1796,272.00713992118835,0.7123287671232876,141.87305122494433,185.17371937639197,116,149,52,73
P_01_01,3740,316.0071403980255,1.2253521126760563,121.46978609625668,29.341711229946522,72,0,87,71
P_01_01,501,157.09545290470123,1.0,48.746506986027946,30.72055888223553,33,17,31,31
P_01_01,649,128.12489020824432,0.7435897435897436,15.768875192604007,35.97842835130971,1,19,29,39
P_01_01,786,131.63960909843445,0.8,180.63613231552162,37.603053435114504,165,19,32,40
P_01_01,6291,700.7665868997574,0.6142857142857143,51.30551581624543,117.41615005563503,3,46,86,140
P_01_01,1152,143.29646337032318,0.6470588235294118,164.48524305555554,92.88802083333333,149,69,33,51
P_01_01,1539,171.78174448013306,0.6065573770491803,207.76608187134502,119.04028589993503,187,89,37,61
P_01_01,1827,259.90663480758667,0.9032258064516129,141.21018062397374,162.43623426382047,114,129,56,62
P_01_01,1057,144.71067678928375,1.5333333333333334,74.01324503311258,209.41438032166508,51,194,46,30
P_01_01,954,175.19595789909363,2.3461538461538463,131.8679245283019,212.06289308176102,107,198,61,26
P_01_01,559,103.84061968326569,1.5217391304347827,16.293381037567084,213.57960644007156,0,201,35,23
P_01_03,561,97.25483322143555,0.8333333333333334,160.7379679144385,15.140819964349376,149,1,25,30
P_01_03,2783,467.93101966381073,0.3533834586466165,205.0089831117499,65.25044915558749,177,2,47,133
P_01_03,1210,166.26702570915222,1.0238095238095237,26.268595041322314,24.89669421487603,4,5,43,42
P_01_03,7016,415.6883795261383,0.8319327731092437,96.65550171037629,62.30929304446978,51,8,99,119
P_01_03,1301,144.12489008903503,0.7708333333333334,27.112990007686395,85.79016141429669,9,63,37,48
P_01_03,1587,223.48022866249084,0.4714285714285714,166.40327662255828,109.32766225582861,153,74,33,70
P_01_03,4137,371.2619732618332,1.6176470588235294,51.87454677302393,151.3052936910805,1,119,110,68
P_01_03,1008,166.26702547073364,0.9761904761904762,182.10714285714286,166.32242063492063,161,149,41,42
P_01_03,1019,170.32590091228485,0.3484848484848485,214.41216879293424,186.12855740922473,201,153,23,66
P_01_03,937,141.8406196832657,0.5,9.794023479188901,197.84204909284952,0,169,26,52
P_01_03,728,121.05382251739502,0.9705882352941176,77.44505494505495,191.45054945054946,62,177,33,34
P_01_03,894,125.63960874080658,1.096774193548387,118.10514541387025,209.2013422818792,101,193,34,31
P_03_01,555,109.01219260692596,1.1111111111111112,84.2036036036036,12.010810810810812,69,0,30,27
P_03_01,2833,299.80612897872925,0.6666666666666666,130.83621602541476,40.93575714789975,96,0,60,90
P_03_01,1837,203.4385985136032,0.9056603773584906,194.99727817093085,34.977681001633094,172,10,48,53
P_03_01,733,128.08326029777527,0.42857142857142855,42.72987721691678,48.15279672578445,33,22,21,49
P_03_01,5203,361.220342874527,0.7403846153846154,175.09821256967135,139.10340188352873,141,85,77,104
P_03_01,630,149.53910374641418,0.6170212765957447,24.742857142857144,113.8873015873016,13,89,29,47
P_03_01,2478,244.24978005886078,1.180327868852459,85.38297013720742,122.6226795803067,49,94,72,61
P_03_01,958,156.71067667007446,0.8043478260869565,15.065762004175365,180.72338204592901,0,157,37,46
P_03_01,2363,301.0782079696655,1.4150943396226414,88.15996614473127,194.35590351248413,50,170,75,53
P_03_04,4794,489.1025928258896,1.0,79.26199415936587,42.002920317062994,34,0,96,96
P_03_04,650,239.07820773124695,2.08,28.967692307692307,15.213846153846154,5,2,52,25
P_03_04,503,114.08326017856598,0.5897435897435898,162.81510934393637,29.254473161033797,152,14,23,39
P_03_04,951,180.36753106117249,0.45,10.355415352260778,59.975814931650895,0,28,27,60
P_03_04,548,109.98275554180145,0.875,134.16788321167883,67.87591240875912,120,51,28,32
P_03_04,924,195.23758816719055,0.48148148148148145,204.1991341991342,83.37554112554112,192,61,26,54
P_03_04,1481,169.4385985136032,0.7884615384615384,141.22349763673193,112.87508440243079,121,87,41,52
P_03_04,7767,816.1635546684265,1.4747474747474747,129.5211793485258,183.95429380713273,54,125,146,99
P_03_04,1609,390.3746705055237,0.8833333333333333,28.439403356121815,164.30826600372902,2,135,53,60
Q_02_02,1239,231.5218585729599,0.5737704918032787,139.83857949959645,31.394673123486683,121,0,35,61
Q_02_02,3877,382.43354547023773,0.376,203.45524890379158,67.14005674490585,177,6,47,125
Q_02_02,750,128.225395321846,1.5555555555555556,30.62,45.56933333333333,13,31,42,27
Q_02_02,9802,838.7493414878845,1.8041237113402062,85.25729442970822,117.07080187716792,0,72,175,97
Q_02_02,1514,186.95331728458405,0.5901639344262295,202.6221928665786,181.79656538969616,185,155,36,61
Q_02_02,2486,240.10764467716217,0.8870967741935484,99.91995172968625,193.08447304907483,73,161,55,62
Q_02_02,2205,271.5218586921692,0.9193548387096774,24.264852607709752,198.146485260771,0,162,57,62
Q_02_02,1161,156.02438473701477,0.9767441860465116,157.1231696813092,204.8337639965547,137,181,42,43
Q_03_01,1174,295.90663492679596,1.794871794871795,38.45996592844975,14.30579216354344,4,0,70,39
Q_03_01,773,174.85281205177307,0.5535714285714286,193.61578266494178,33.42432082794308,178,7,31,56
Q_03_01,1129,144.4680359363556,0.5849056603773585,159.22320637732506,33.308237378210805,145,9,31,53
Q_03_01,4894,299.2203426361084,0.6504854368932039,107.15529219452391,64.61953412341643,76,15,67,103
Q_03_01,1342,207.78174436092377,0.29411764705882354,214.4381520119225,91.83904619970194,199,46,25,85
Q_03_01,2170,189.33809340000153,0.71875,50.55483870967742,80.61198156682028,27,51,46,64
Q_03_01,1214,228.79393672943115,0.4050632911392405,174.02141680395388,139.90280065897858,155,97,32,79
Q_03_01,555,112.71067690849304,0.9393939393939394,71.69549549549549,135.23063063063063,58,119,31,33
Q_03_01,593,120.46803593635559,0.6585365853658537,205.88701517706576,153.90725126475547,193,130,27,41
Q_03_01,2954,252.69343173503876,0.6235294117647059,26.38794854434665,179.1096817874069,0,137,53,85
Q_03_01,1541,161.78174448013306,1.0212765957446808,125.33744321868916,157.19338092147956,103,137,48,47
Q_03_01,543,101.49747383594513,0.6764705882352942,67.93738489871086,188.036832412523,56,172,23,34
Q_03_01,627,119.982754945755,0.7428571428571429,93.82775119617224,188.47527910685807,81,172,26,35
Q_03_01,710,188.99494755268097,1.1025641025641026,203.3619718309859,208.80140845070423,179,184,43,39
Q_03_01,1060,131.39696836471558,1.375,146.77358490566039,209.08018867924528,125,192,44,32
Q_04_02,1256,175.92388010025024,1.1428571428571428,73.10111464968153,27.518312101910826,49,5,48,42
Q_04_02,3097,360.53405141830444,0.3565217391304348,19.84791733936067,63.65708750403616,0,8,41,115
Q_04_02,2626,223.9238795042038,0.6351351351351351,201.08225437928408,58.23038842345773,177,19,47,74
Q_04_02,3201,348.291410446167,0.85,140.40643548890972,77.04123711340206,103,37,68,80
Q_04_02,2168,228.7939372062683,0.8571428571428571,76.95064575645756,82.9238929889299,51,54,54,63
Q_04_02,2525,228.95331740379333,0.3804347826086957,208.39089108910892,148.1560396039604,189,103,35,92
Q_04_02,5648,403.54624366760254,1.1304347826086956,127.86278328611898,173.00318696883852,70,132,104,92
Q_04_02,1856,188.9949471950531,0.7258064516129032,27.896012931034484,161.85775862068965,6,135,45,62
Q_04_02,1456,184.16652023792267,0.9811320754716981,61.636675824175825,197.51991758241758,33,170,52,53
T_04_01,1190,147.53910386562347,0.7391304347826086,43.59327731092437,21.36470588235294,28,1,34,46
T_04_01,553,123.15432786941528,0.4772727272727273,207.57142857142858,20.168173598553345,197,3,21,44
T_04_01,892,188.95331740379333,0.43548387096774194,9.521300448430493,35.18385650224215,0,4,27,62
T_04_01,2938,236.5512968301773,0.7945205479452054,169.43703199455413,59.14363512593601,140,22,58,73
T_04_01,3362,280.7350620031357,0.8181818181818182,101.68233194527068,75.18500892325996,67,33,72,88
T_04_01,3840,507.8893895149231,0.43846153846153846,22.813020833333333,125.05494791666666,0,53,57,130
T_04_01,977,136.08326065540314,0.49056603773584906,213.2026612077789,95.09825997952917,198,70,26,53
T_04_01,983,148.12489020824432,0.6170212765957447,62.89318413021363,108.20040691759918,49,84,29,47
T_04_01,7585,872.2640603780746,1.3148148148148149,142.98075148319052,174.83467369808832,75,116,142,108
T_04_03,24369,2310.7850412130356,1.0228310502283104,92.06500061553614,91.57257170995938,0,0,224,219
T_04_03,2607,247.23758792877197,0.6753246753246753,200.77790563866515,137.66052934407364,171,105,52,77
T_04_03,3004,269.7644993066788,0.6904761904761905,156.87017310252995,186.935086551265,128,140,58,84
U_02_01,2739,414.77669179439545,0.30597014925373134,15.36874771814531,52.42205184373859,0,0,41,134
U_02_01,30750,1583.0062626600266,0.9107142857142857,131.91089430894309,119.81908943089431,20,0,204,224
U_02_01,926,154.95331740379333,1.0789473684210527,70.06263498920086,35.35745140388769,50,17,41,38
U_02_01,1236,201.4385985136032,0.45161290322580644,11.892394822006473,191.13834951456312,0,161,28,62
U_03_02,1685,202.50966608524323,1.2272727272727273,58.69376854599407,18.182789317507417,35,0,54,44
U_03_02,854,136.81118178367615,1.3225806451612903,115.98360655737704,12.535128805620609,96,0,41,31
U_03_02,1344,272.9949473142624,0.34,209.6376488095238,53.991815476190474,190,10,34,100
U_03_02,1099,190.26702547073364,0.6101694915254238,14.417652411282985,48.128298453139216,0,16,36,59
U_03_02,10122,614.7838318347931,0.5988700564971752,168.61707172495554,121.65777514325232,117,24,106,177
U_03_02,1534,193.23758780956268,0.5671641791044776,103.57561929595828,73.15906127770535,84,44,38,67
U_03_02,1771,339.84775948524475,0.8902439024390244,35.604178430265385,91.49407114624506,0,55,73,82
U_03_02,1616,188.40916085243225,0.7543859649122807,78.8019801980198,127.38613861386139,56,100,43,57
U_03_02,7663,739.0264726877213,1.6904761904761905,65.24585671408065,189.61920918700247,0,140,142,84
U_04_02,7207,716.1391702890396,0.7952755905511811,66.38157347023727,62.39975024281948,19,0,101,127
U_04_02,974,163.4385986328125,0.5961538461538461,172.2618069815195,21.451745379876797,155,0,31,52
U_04_02,963,141.63960921764374,0.6666666666666666,210.01973001038422,19.49428868120457,194,0,30,45
U_04_02,1617,206.40916097164154,0.4266666666666667,138.19851576994435,55.90970933828077,122,20,32,75
U_04_02,3541,378.1492757797241,0.38235294117647056,202.98333804010167,116.58260378424174,172,64,52,136
U_04_02,2046,239.9238795042038,0.4673913043478261,16.38905180840665,152.6295210166178,0,101,43,92
U_04_02,2595,230.20815062522888,0.6582278481012658,139.3568400770713,150.6393063583815,115,112,52,79
U_04_02,3694,488.4163006544113,0.8375,80.57390362750407,184.91418516513264,49,144,67,80
U_04_02,1989,250.0660148859024,1.5,169.2493715434892,203.69934640522877,131,176,72,48
